First_Name,Last_Name
Fatma,Yang
Kadie,Bradshaw
Arjan,Pittman
Elisabeth,Stone
Gilbert,Mcintyre
Esha,Calhoun
Karol,Michael
Isabelle,Carroll
Leslie,Blevins
Martin,Kramer
Chanel,Olsen
Walter,Casey
Sumaya,Khan
Kayne,Whitaker
Abubakar,Chambers
Hasnain,Powell
Kiara,Fitzpatrick
Damian,Blankenship
Lea,Sears
Hazel,Warren
Jannat,Burnett
Alisha,Winter
Hallie,Galvan
Zaki,Jensen
Gavin,Guzman
Darcie,Benson
Constance,Byrd
Kyran,Hardin
Hassan,Graham
Diego,Woods
Caoimhe,Arroyo
Ricardo,Elliott
Tori,Chase
Willard,Farrell
Ted,Watson
Brett,Morrow
Gianluca,Cisneros
Ciaran,Schaefer
Dominik,Austin
Axel,Rojas
Cecil,Best
Joanne,Carey
Lorraine,Mclaughlin
Hussein,Grimes
Dana,Fernandez
Ayla,Bullock
Courtney,Kim
Marwa,Lawrence
May,Grant
Abu,Mckinney
Priya,Roy
Natalie,Floyd
Autumn,Ray
Veronica,Holden
Rupert,Walsh
Gabriela,Schmidt
Nikita,Morton
Hiba,Andrade
Aryan,Mcdonald
Livia,Parrish
Curtis,Hahn
Kylie,Francis
Markus,Curtis
Malachy,Baird
Victor,Hardy
Zack,Edwards
Kacper,Lyons
Lincoln,Hebert
Jaime,Saunders
Mark,Salazar
Floyd,Sanchez
Cindy,Strong
Jeremiah,Velazquez
Cara,Bartlett
Sally,Mcguire
Mildred,Velasquez
Dominic,Dennis
Freyja,Ayers
Viola,Sawyer
Linda,Ponce
Maya,Page
Cameron,Cain
Sadia,Meyer
Evelyn,Boone
Liberty,Fox
Milan,Wong
Leyla,Dejesus
Keiran,Bauer
Brian,Moon
Sophia,Pratt
Jayden,Thornton
Clarence,Donovan
Aayan,Clayton
Anaya,Mccormick
Elisha,Friedman
Abraham,Estes
Aiden,Fulton
Maisha,Gentry
Blaine,Gould
Haydn,Haley